{"cameraMode":{"drawMode":0,"name":"Shaded","section":"Shading Mode"},"sceneLighting":true,"audioPlay":false,"sceneViewState":{"m_AlwaysRefresh":false,"showFog":true,"showSkybox":false,"showFlares":true,"showImageEffects":true,"showParticleSystems":true,"showVisualEffectGraphs":true,"m_FxEnabled":true},"in2DMode":false,"pivot":{"x":6.593682765960693,"y":2.001675605773926,"z":0.08224554359912873},"rotation":{"x":0.04605800285935402,"y":0.9400525689125061,"z":-0.14092694222927094,"w":0.3072431683540344},"size":1.0171358585357667,"orthographic":false}